{
    "best_score": 0.9513429689061642,
    "best_params": {
        "var_smoothing": 0.07676578832916567
    }
}