{
    "best_score": 0.9662174149285567,
    "best_params": {
        "C": 17.31881036840875,
        "loss": "hinge"
    }
}