{
    "best_score": 0.9657293577111575,
    "best_params": {
        "C": 10.984216145516234,
        "penalty": "l2"
    }
}